postcode,ap_monitor,buffer_km,area_overlap,percent_overlap
2000,Alexandria,5,3302298.03819279,77.0232004105247
2000,Cook and Phillip,5,4287406.93789913,100
2000,Rozelle,5,4053941.0723219,94.5546138036612
2000,Bradfield Highway,5,4287406.93789913,100
2000,Cammeray,5,2786880.2435689,65.0015331862689
2006,Alexandria,5,677968.564915197,100
2006,Cook and Phillip,5,677968.564915197,100
2006,Rozelle,5,677968.564915197,100
2006,Bradfield Highway,5,38232.1634656834,5.63922362247955
2007,Alexandria,5,558413.380096496,100
2007,Cook and Phillip,5,558413.380096496,100
2007,Rozelle,5,558413.380096496,100
2007,Bradfield Highway,5,558413.380096496,100
2008,Alexandria,5,844643.893602164,100
2008,Cook and Phillip,5,844643.893602164,100
2008,Rozelle,5,844643.893602164,100
2008,Bradfield Highway,5,314910.312194483,37.2832047422353
2009,Alexandria,5,932614.059854661,100
2009,Cook and Phillip,5,932614.059854661,100
2009,Rozelle,5,932614.059854661,100
2009,Bradfield Highway,5,932614.059854661,100
2009,Cammeray,5,332479.839392915,35.650313854879
2010,Alexandria,5,2173296.2055983,100
2010,Cook and Phillip,5,2173296.2055983,100
2010,Rozelle,5,771647.897588751,35.5058779194951
2010,Bradfield Highway,5,1788923.67606505,82.3138452759858
2011,Alexandria,5,1094870.71669877,78.1296781971167
2011,Cook and Phillip,5,1401350.60320673,100
2011,Rozelle,5,49661.3367218659,3.54381955580746
2011,Bradfield Highway,5,1401350.60320673,100
2011,Cammeray,5,805822.955687633,57.5033081545516
2015,Randwick,5,1191476.4720518,28.2651102491869
2015,Earlwood,5,918854.25073687,21.7977587549732
2015,Alexandria,5,4215361.13444338,100
2015,Cook and Phillip,5,3060717.91314201,72.6086761139662
2015,Rozelle,5,880257.598548048,20.8821396429249
2016,Randwick,5,186102.794058796,15.8829050907641
2016,Alexandria,5,1171717.59823091,100
2016,Cook and Phillip,5,1171717.59823091,100
2016,Rozelle,5,532734.238574406,45.4660951904061
2017,Randwick,5,1563620.69886026,80.6548605805904
2017,Alexandria,5,1938656.50204415,100
2017,Cook and Phillip,5,1938656.50204415,100
2017,Rozelle,5,53861.8437541379,2.77830774545904
2018,Randwick,5,3930975.3020395,100
2018,Alexandria,5,3930975.3020395,100
2018,Cook and Phillip,5,735772.907693161,18.7173118923291
2019,Randwick,5,6346430.41613713,93.3451152854664
2019,Alexandria,5,2474690.83097025,36.3984611452507
2020,Randwick,5,2280651.46731541,19.067216290338
2020,Earlwood,5,5413513.05695447,45.2592716716256
2020,Alexandria,5,8428260.69782486,70.4638442041073
2021,Randwick,5,3884713.37424088,67.9374212518787
2021,Alexandria,5,5718075.99207845,100
2021,Cook and Phillip,5,5718075.99207845,100
2021,Bradfield Highway,5,1205407.34926238,21.0806458489235
2022,Randwick,5,1922630.38546905,100
2022,Alexandria,5,1128454.69153342,58.6932725115609
2022,Cook and Phillip,5,1919493.57166202,99.8368477981659
2023,Randwick,5,27033.4903065451,1.13921806984757
2023,Cook and Phillip,5,2301465.54968288,96.9860388577209
2023,Bradfield Highway,5,149409.859295986,6.29627952562824
2024,Randwick,5,1924193.36219335,100
2024,Cook and Phillip,5,245911.384062779,12.7799725793914
2025,Randwick,5,699780.165069864,56.8657588319219
2025,Alexandria,5,838114.147769649,68.1070990286391
2025,Cook and Phillip,5,1230582.65543981,100
2026,Randwick,5,1214662.34049735,33.2228543927087
2026,Cook and Phillip,5,224411.479485557,6.13799379336011
2027,Alexandria,5,540968.068327662,39.319870346516
2027,Cook and Phillip,5,1375813.45909905,100
2027,Bradfield Highway,5,1344503.40323252,97.7242513758347
2027,Cammeray,5,89471.3908105163,6.50316292654286
2028,Alexandria,5,67193.2429818235,8.4850931824196
2028,Cook and Phillip,5,791897.525899212,100
2028,Bradfield Highway,5,526566.650155186,66.4942916139637
2029,Cook and Phillip,5,855245.841541185,33.8296123147045
2029,Bradfield Highway,5,19280.9887244204,0.762667693789566
2031,Randwick,5,6095168.72238557,100
2031,Alexandria,5,4472474.61579854,73.3773718087999
2031,Cook and Phillip,5,2027612.128814,33.265890103538
2032,Randwick,5,2475054.01943617,100
2032,Alexandria,5,2475054.01943617,100
2032,Cook and Phillip,5,237.509888123721,0.00959614967021312
2033,Randwick,5,2234904.8189945,100
2033,Alexandria,5,2234904.8189945,100
2033,Cook and Phillip,5,1775130.72569079,79.4275760920071
2034,Randwick,5,3050499.51762911,100
2034,Alexandria,5,58279.4313854084,1.91048813640541
2035,Randwick,5,8121622.64712474,100
2035,Alexandria,5,2599285.86325373,32.004514075447
2036,Randwick,5,9857963.2733493,62.7353549441586
2036,Alexandria,5,201172.768823333,1.2802487397524
2037,Alexandria,5,2137169.84622012,100
2037,Cook and Phillip,5,2137169.84622012,100
2037,Rozelle,5,2137169.84622012,100
2037,Bradfield Highway,5,1723781.45475306,80.657204564336
2038,Earlwood,5,622698.813136193,41.701914281473
2038,Alexandria,5,1493213.97798,100
2038,Cook and Phillip,5,1492038.10003837,99.9212518795716
2038,Rozelle,5,1493213.97798,100
2038,Bradfield Highway,5,236213.656418478,15.8191431303118
2039,Alexandria,5,984402.976784103,53.6778070333681
2039,Cook and Phillip,5,1833910.5697298,100
2039,Rozelle,5,1833910.5697298,100
2039,Bradfield Highway,5,1822053.43774658,99.353450916368
2039,Cammeray,5,14075.7875119671,0.767528566785075
2040,Earlwood,5,2721228.55459376,57.241996890008
2040,Alexandria,5,2622071.17435345,55.1561866254657
2040,Cook and Phillip,5,1808592.8820021,38.0443854861394
2040,Rozelle,5,4753902.20893704,100
2040,Bradfield Highway,5,138830.220717353,2.92034237591933
2041,Alexandria,5,92598.7515408245,3.75481776579469
2041,Cook and Phillip,5,2466131.70909045,100
2041,Rozelle,5,2466131.70909045,100
2041,Bradfield Highway,5,2466131.70909045,100
2041,Cammeray,5,1848265.90892927,74.9459528911754
2042,Earlwood,5,1733090.92449025,84.7657757304441
2042,Alexandria,5,2044564.45960159,100
2042,Cook and Phillip,5,1701872.89573296,83.2388965650213
2042,Rozelle,5,2028336.33618362,99.2062796875021
2043,Earlwood,5,538784.377233076,66.6922388267209
2043,Alexandria,5,807866.682408038,100
2043,Cook and Phillip,5,807866.682408038,100
2043,Rozelle,5,684988.072506839,84.7897416025464
2044,Earlwood,5,3853940.17399095,100
2044,Alexandria,5,3853940.17399095,100
2044,Cook and Phillip,5,25017.8196853553,0.649149144924273
2045,Earlwood,5,2212532.24155187,92.8680356557197
2045,Rozelle,5,2382447.55144189,100
2046,Earlwood,5,253462.630785774,4.21484183160859
2046,Rozelle,5,6013573.95869445,100
2047,Cook and Phillip,5,40730.3814661144,1.76298083009031
2047,Rozelle,5,2310313.34946665,100
2047,Bradfield Highway,5,332107.886675686,14.3750148330466
2048,Earlwood,5,1217472.16650911,100
2048,Alexandria,5,1217472.16650911,100
2048,Cook and Phillip,5,677056.874672409,55.6116922667522
2048,Rozelle,5,1217472.16650911,100
2049,Earlwood,5,1928934.76473567,100
2049,Alexandria,5,1789965.48618993,92.795542851612
2049,Rozelle,5,1928934.76473567,100
2050,Earlwood,5,475346.38741297,57.6176101207745
2050,Alexandria,5,825001.915936079,100
2050,Cook and Phillip,5,825001.915936079,100
2050,Rozelle,5,825001.915936079,100
2052,Randwick,5,434160.671464853,100
2052,Alexandria,5,434160.671464853,100
2052,Cook and Phillip,5,62360.9346368015,14.3635614037532
2060,Cook and Phillip,5,2687299.85267952,100
2060,Rozelle,5,1650473.99759327,61.4175599327918
2060,Bradfield Highway,5,2687299.85267952,100
2060,Cammeray,5,2687299.85267952,100
2061,Cook and Phillip,5,631637.48941019,100
2061,Rozelle,5,247281.381977629,39.1492566738771
2061,Bradfield Highway,5,631637.48941019,100
2061,Cammeray,5,631637.48941019,100
2062,Cook and Phillip,5,67396.9542162034,4.34066354488514
2062,Bradfield Highway,5,1552687.82109641,100
2062,Cammeray,5,1552687.82109641,100
2063,Bradfield Highway,5,2728120.17467048,100
2063,Cammeray,5,2728120.17467048,100
2064,Bradfield Highway,5,2391652.7811801,94.3263106310156
2064,Cammeray,5,2535509.7270111,100
2065,Cook and Phillip,5,1394111.42160763,24.5602313477954
2065,Rozelle,5,2466386.82963999,43.4506382992411
2065,Bradfield Highway,5,5676295.96751648,100
2065,Cammeray,5,5676295.96751648,100
2066,Rozelle,5,3511685.41064657,36.6585563698223
2066,Bradfield Highway,5,3205850.82189813,33.4659427953017
2066,Cammeray,5,3957601.57507073,41.3134843995938
2066,Macquarie Park,5,253084.823472423,2.64195768774804
2067,Bradfield Highway,5,4169.11449128669,0.0716337207067609
2067,Cammeray,5,3080317.11801998,52.9260054099399
2067,Macquarie Park,5,201247.782483157,3.45783918224905
2068,Bradfield Highway,5,3007754.46465101,53.0914582232822
2068,Cammeray,5,5665232.34679589,100
2069,Cammeray,5,1810601.3688445,24.0442610637385
2069,Macquarie Park,5,81329.7709575882,1.08003577088108
2070,Macquarie Park,5,3862566.43385609,51.7639525925317
2071,Macquarie Park,5,4419750.22712556,56.5046089206463
2072,Macquarie Park,5,3776810.3568372,99.1464651554415
2073,Macquarie Park,5,10230488.7445312,99.9999937815339
2074,Macquarie Park,5,9031913.05834843,41.0249807523712
2075,Macquarie Park,5,772073.057815451,4.35173602201595
2076,Macquarie Park,5,5529275.20384094,34.8888223725031
2087,Cammeray,5,44972.7302557131,0.503575193384547
2088,Cook and Phillip,5,2293144.20704175,26.507340560717
2088,Bradfield Highway,5,8243057.24697629,95.2846859940671
2088,Cammeray,5,8650978.02546103,100
2089,Cook and Phillip,5,1505597.12715852,99.6956596858934
2089,Bradfield Highway,5,1510193.25405152,100
2089,Cammeray,5,1510193.25405152,100
2090,Cook and Phillip,5,917317.408980143,44.5666598096196
2090,Bradfield Highway,5,2058304.15135159,100
2090,Cammeray,5,2058304.15135159,100
2092,Bradfield Highway,5,18681.1442836145,0.601120833725839
2092,Cammeray,5,2239203.30939392,72.0529609851127
2093,Cammeray,5,1912141.21563133,25.3971335220204
2109,Macquarie Park,5,1754907.59377115,100
2110,Cook and Phillip,5,190201.977528186,4.3920842041726
2110,Rozelle,5,3517170.6636211,81.2173980303665
2110,Bradfield Highway,5,1282823.14526289,29.6225483366555
2110,Cammeray,5,745743.092011312,17.2204647783346
2111,Rozelle,5,1928838.72378522,41.0061267847968
2112,Macquarie Park,5,3590889.73109483,38.5560766511618
2113,Macquarie Park,5,10621280.4087317,92.6749995466257
2114,Macquarie Park,5,1601057.40093514,21.7429419598061
2115,Parramatta North ,5,20338.6524549443,0.51687090382557
2116,Parramatta North ,5,3155198.77209749,83.035196485187
2117,Parramatta North ,5,5479721.78117815,76.9108927098848
2118,Parramatta North ,5,3276150.39514631,38.5117557323078
2118,Macquarie Park,5,13037.5774826542,0.153259142222802
2119,Macquarie Park,5,2892724.14631882,42.9165119197003
2120,Macquarie Park,5,3589927.31460699,25.9877967782923
2121,Macquarie Park,5,8050219.39751604,87.4953462024331
2122,Macquarie Park,5,7932581.08116467,87.5819485948822
2123,Parramatta North ,5,21798.065272009,100
2125,Parramatta North ,5,364676.180078953,3.92480789144926
2127,Lidcombe,5,3681059.08197355,45.2834735594215
2128,Lidcombe,5,789869.699861523,29.2533824987449
2128,Parramatta North ,5,3179.75997694582,0.117764657735452
2129,Lidcombe,5,466283.926462591,100
2130,Earlwood,5,1203215.71367204,100
2130,Rozelle,5,1177016.87868574,97.8225986671719
2131,Earlwood,5,3413763.76678432,100
2131,Rozelle,5,2651125.68547305,77.6599046269198
2132,Earlwood,5,2046051.93637149,84.0153609958367
2132,Rozelle,5,1443035.93082029,59.2542068471805
2133,Lidcombe,5,594780.170361052,23.3220091344943
2133,Earlwood,5,2550295.58959115,100
2134,Lidcombe,5,551336.081779814,22.5441097341521
2134,Earlwood,5,878923.401075987,35.9391417623281
2134,Rozelle,5,59604.6575473932,2.43723199845214
2135,Lidcombe,5,6487087.68379036,99.2192804419127
2136,Lidcombe,5,3129484.43236313,90.3565427832287
2136,Earlwood,5,1019655.52218282,29.4401681189052
2137,Lidcombe,5,1175726.58435005,15.9854694780924
2137,Rozelle,5,1267941.34112803,17.2392441222365
2138,Lidcombe,5,187793.707852183,5.53954737545943
2140,Lidcombe,5,3282484.25328422,100
2141,Lidcombe,5,11947911.1424255,100
2142,Lidcombe,5,2132237.68471684,19.3794453483321
2142,Parramatta North ,5,7734342.97571597,70.295763965474
2143,Lidcombe,5,4310405.96177125,100
2144,Lidcombe,5,7832999.01873136,91.4669392785688
2144,Parramatta North ,5,369987.744686384,4.32039458911169
2145,Parramatta North ,5,14731037.1979869,55.8661275098691
2145,Prospect ,5,15216221.0199165,57.7061433144146
2146,Parramatta North ,5,4178304.32089221,69.5509362964319
2146,Prospect ,5,5097347.12520041,84.8490770317826
2147,Parramatta North ,5,878281.562603332,5.49026030226869
2147,Prospect ,5,12444821.1408669,77.7943092372466
2148,Prospect ,5,34156608.9702743,87.8462846289577
2150,Parramatta North ,5,5847244.2100146,100
2151,Parramatta North ,5,10733641.8632211,100
2152,Parramatta North ,5,4285202.53681666,100
2153,Parramatta North ,5,11019508.9520118,44.8993877804861
2153,Prospect ,5,69884.0065444242,0.284744912242145
2155,Rouse Hill,5,23951920.5295242,68.083382116932
2156,Rouse Hill,5,3639530.42335392,5.78113423788199
2160,Parramatta North ,5,6118612.1883916,72.8624433155491
2161,Lidcombe,5,1364380.85557926,12.1475811656284
2162,Lidcombe,5,5115846.53981519,88.3555709936181
2163,Lidcombe,5,108342.484545462,1.70538525215396
2164,Prospect ,5,2918508.39794617,14.2255764857765
2166,Liverpool,5,5646687.61932153,37.015856448277
2167,Liverpool,5,4353814.58487737,62.2450099370036
2168,Liverpool,5,10937629.6744856,84.9983599170225
2170,Liverpool,5,46348312.2237612,85.3255458436163
2171,Liverpool,5,1334051.76002208,6.19537537759102
2173,Campbelltown West,5,751123.793695794,0.389449766803619
2173,Liverpool,5,5630978.14475289,2.91960279218428
2174,Liverpool,5,953498.980132612,15.7439196085827
2175,Prospect ,5,95958.2766287681,0.436804644970158
2176,Liverpool,5,347005.105335336,1.74852964799628
2177,Liverpool,5,2665137.10350158,51.2979323232509
2178,Bringelly,5,13831209.9089842,25.460641377169
2178,St Marys,5,3847970.8332094,7.0833864903252
2179,Bringelly,5,10144323.201586,27.8120602070696
2190,Lidcombe,5,9739343.39398998,100
2191,Lidcombe,5,1497895.00838137,84.0226438369836
2191,Earlwood,5,1073001.39031588,60.1887402993101
2192,Lidcombe,5,471560.401554467,17.2687429347361
2192,Earlwood,5,2480852.97950855,90.8498937162325
2193,Earlwood,5,4195623.40515442,100
2194,Lidcombe,5,21708.4409596473,0.643448311847706
2194,Earlwood,5,3373766.09122029,100
2195,Lidcombe,5,1626705.9908058,45.8363039466686
2195,Earlwood,5,202810.187088886,5.71465859929737
2196,Lidcombe,5,1460495.46503414,20.6687550616667
2196,Earlwood,5,355948.010454925,5.03733316461098
2197,Lidcombe,5,1296933.07622236,44.2923756102296
2199,Lidcombe,5,4341390.66447212,94.0237457565629
2200,Lidcombe,5,4603165.7880637,32.6285371177334
2203,Earlwood,5,2092829.46929515,100
2203,Alexandria,5,401448.380244247,19.1820875104292
2203,Rozelle,5,1086329.47317051,51.9072140902324
2204,Earlwood,5,5790150.07433175,100
2204,Alexandria,5,5015894.37086091,86.6280546526214
2204,Rozelle,5,2128634.38278179,36.7630260952686
2205,Earlwood,5,4223401.88111714,100
2205,Alexandria,5,418593.084664943,9.91127760151067
2206,Earlwood,5,5979129.19859619,100
2206,Alexandria,5,301923.750019449,5.04962746231233
2207,Earlwood,5,6411475.32775441,88.7478266977038
2208,Earlwood,5,3819389.29252811,85.6564227336993
2209,Earlwood,5,5310.34122283664,0.12493593138288
2216,Earlwood,5,4640890.73032493,83.1847420655292
2217,Earlwood,5,323472.655029225,5.16603304741841
2220,Earlwood,5,29357.2426834074,0.567302459887556
2284,Wallsend,5,2939.72799308039,0.012111159259923
2285,Wallsend,5,11105530.8004165,34.2114132717017
2287,Wallsend,5,33231264.6790208,87.2841827763181
2287,Mayfield,5,2647988.70284886,6.9551228989187
2289,Newcastle,5,5108208.02278579,44.6797042206882
2289,Carrington,5,1879792.17521472,16.4418829480547
2289,Wallsend,5,26282.3929446209,0.229882874334699
2289,Mayfield,5,95570.0525150699,0.835917734689331
2290,Newcastle,5,1463680.57140635,4.02084180149116
2291,Newcastle,5,7192605.596545,100
2291,Carrington,5,4415731.5637116,61.3926553380421
2291,Stockton,5,857336.108628302,11.9196874779305
2292,Newcastle,5,2893786.72166026,100
2292,Carrington,5,2893786.72166026,100
2292,Stockton,5,1101526.55896229,38.0652295733223
2292,Mayfield,5,2370630.0179,81.9213800435124
2293,Newcastle,5,1322719.13732945,100
2293,Carrington,5,1322719.13732945,100
2293,Stockton,5,1322719.13732945,100
2293,Mayfield,5,1189575.89256558,89.9341257711987
2294,Newcastle,5,2039320.33029541,100
2294,Carrington,5,2039320.33029541,100
2294,Stockton,5,2039320.33029541,100
2294,Mayfield,5,1468737.03017423,72.0209085524822
2295,Newcastle,5,2035742.47979092,17.0387753011922
2295,Carrington,5,3455011.23302883,28.9177833871795
2295,Stockton,5,7784778.22437606,65.1571052092902
2296,Newcastle,5,706259.64231745,100
2296,Carrington,5,706259.64231745,100
2296,Stockton,5,706259.64231745,100
2296,Mayfield,5,706259.64231745,100
2297,Newcastle,5,801099.698574844,100
2297,Carrington,5,801099.698574844,100
2297,Stockton,5,801099.698574844,100
2297,Mayfield,5,801099.698574844,100
2298,Newcastle,5,2386210.87008292,59.5931269139463
2298,Carrington,5,3597720.16920437,89.8493076753146
2298,Stockton,5,337405.956357141,8.42636173977945
2298,Wallsend,5,2171976.92841842,54.2428577340713
2298,Mayfield,5,4004171.27553763,100
2299,Newcastle,5,969329.375587635,18.3413392487106
2299,Carrington,5,1089664.0594515,20.618273504206
2299,Wallsend,5,4924743.92417257,93.1844234799106
2299,Mayfield,5,5249704.52844642,99.3332237077377
2300,Newcastle,5,3440266.47664228,100
2300,Carrington,5,3440266.47664228,100
2300,Stockton,5,3438661.14395419,99.953336966802
2302,Newcastle,5,828202.89706264,100
2302,Carrington,5,828202.89706264,100
2302,Stockton,5,828202.89706264,100
2302,Mayfield,5,34792.5533466185,4.20096977081536
2303,Newcastle,5,3000463.15674064,100
2303,Carrington,5,3000463.15674064,100
2303,Stockton,5,2469632.26678692,82.3083683343623
2303,Mayfield,5,1372189.07059586,45.7325752363662
2304,Newcastle,5,7461585.04902998,18.8876334933863
2304,Carrington,5,19632444.0266854,49.6959298753367
2304,Stockton,5,16806579.2294172,42.5427716332279
2304,Wallsend,5,4184550.60247752,10.5924220651212
2304,Mayfield,5,36145420.1487003,91.4954991127338
2305,Newcastle,5,3640059.24386894,41.3690993187911
2305,Carrington,5,2169166.12884343,24.6524693723672
2305,Wallsend,5,4398558.63103932,49.9894085991812
2305,Mayfield,5,3316275.49758834,37.6893125185478
2307,Wallsend,5,6558536.19631058,100
2307,Mayfield,5,6495935.19679635,99.0455034836974
2308,Carrington,5,94771.3769859858,5.29252355869742
2308,Wallsend,5,1790665.1890145,100
2308,Mayfield,5,1790665.1890145,100
2318,Stockton,5,195140.546603865,0.0776868342590718
2321,Beresfield,5,1621578.27611072,0.450448388348008
2322,Wallsend,5,9450430.93225041,5.66904769607376
2322,Mayfield,5,4058963.06353937,2.43485777196479
2322,Beresfield,5,61821799.6304445,37.0851586847848
2323,Beresfield,5,1181737.09509228,0.56420743261673
2324,Beresfield,5,13029749.2224799,2.07668636256008
2328,Merriwa,5,1150935.04049175,0.0684214465440282
2329,Merriwa,5,64168660.1048663,2.09961919882846
2330,Bulga,5,78217228.6514563,1.59555106954364
2330,Warkworth,5,78217228.6514797,1.59555106954411
2330,Singleton South,5,73734633.1375028,1.50411072845854
2330,Singleton,5,78068077.2573698,1.59250853440833
2330,Singleton NW,5,78217228.651434,1.59555106954318
2331,Singleton South,5,3743955.16105204,2.7268875137161
2331,Singleton,5,149148.08600428,0.108631122950052
2333,Merriwa,5,10968689.8736489,0.667147859598514
2333,Wybong,5,70777037.7592149,4.3048668340256
2335,Singleton South,5,738628.902275965,0.27515891236235
2336,Wybong,5,7440194.26655438,0.836944259955857
2337,Merriwa,5,1928941.42640981,0.0578961384017338
2350,Armidale,5,76355561.5526108,1.68133460104254
2351,Armidale,5,1861667.09722232,100
2555,Bringelly,5,16161600.3948607,59.9000986323905
2556,Bringelly,5,20855767.4642999,51.8627075684349
2557,Campbelltown West,5,3563585.94727013,9.7299683639581
2557,Bringelly,5,16772782.3089105,45.7961849822293
2558,Campbelltown West,5,6366903.06468186,83.7281267104586
2559,Campbelltown West,5,4349390.34158469,100
2560,Campbelltown West,5,38723827.6544301,9.41465141472772
2563,Campbelltown West,5,5174173.49404807,44.7580695078439
2565,Liverpool,5,116.49357843399,0.000391394616874031
2566,Campbelltown West,5,1910237.8909026,6.75123549627126
2567,Campbelltown West,5,16731741.6575519,53.3452615596128
2567,Camden,5,9826924.48362795,31.3308600882615
2570,Campbelltown West,5,646248.420949634,0.137686211735409
2570,Oakdale,5,73041457.4996508,15.5618199700693
2570,Camden,5,68390303.5866338,14.5708701406824
2571,Bargo,5,5076764.5266249,2.0283822530198
2574,Bargo,5,49252487.9788326,14.0629642934179
2575,Bargo,5,23887976.8811492,2.4540089481061
2580,Goulburn,5,78217228.6532961,1.49148717469732
2630,Cooma,5,78217228.6546323,1.8595596752996
2630,Cooma,5,78217228.6546323,1.8595596752996
2640,Albury,5,50674856.025949,4.91883658713649
2641,Albury,5,25651557.1805797,76.4830884677651
2650,Wagga Wagga North,5,75940292.539976,1.8698800741391
2650,Wagga Wagga North,5,75940292.539976,1.8698800741391
2652,Junee,5,75081455.9842281,1.22760083899562
2663,Junee,5,3135772.92906504,0.636520239788375
2666,Temora,5,78217228.6531497,3.17622443003858
2671,West Wyalong,5,78217228.652659,2.37184778990001
2678,Wagga Wagga North,5,2276941.0329958,64.8735835472132
2678,Wagga Wagga North,5,2276941.0329958,64.8735835472132
2680,Griffith,5,77239577.0208644,4.07714742260863
2681,Griffith,5,977655.577495828,0.207236503237439
2700,Narrandera,5,77628920.0494171,2.20682605909099
2705,Narrandera,5,588312.850680618,0.0521020934466728
2745,Bringelly,5,451545.371707753,0.267565676752594
2745,St Marys,5,2336465.54109818,1.38448542025509
2747,St Marys,5,10218821.501981,18.5573235169951
2747,Penrith,5,24658857.612837,44.7803494945306
2748,St Marys,5,28286241.3218804,65.6698299460605
2749,Penrith,5,29869778.3058978,63.4258478106509
2749,Richmond,5,0.458573829848319,9.73741205711053e-07
2750,Penrith,5,22594940.8028916,63.8817865209376
2753,Penrith,5,446508.641802241,0.268354295297834
2753,Richmond,5,63502332.5939311,38.1652718841679
2754,Richmond,5,3086592.6400311,8.99224977258888
2755,Richmond,5,3054318.43638837,100
2756,Richmond,5,7797255.5736592,0.524420118776476
2759,St Marys,5,15467850.2042688,99.1664252028013
2760,St Marys,5,13231672.4663398,66.3879609698887
2760,Penrith,5,102853.475180006,0.51605211005926
2762,Rouse Hill,5,10560719.8536479,76.1150223020702
2763,Rouse Hill,5,3945569.42224821,36.7759491563582
2765,Rouse Hill,5,28256887.1390308,21.612005492333
2765,Richmond,5,776734.368981861,0.594077732834642
2766,St Marys,5,1426200.07194401,5.23599647491665
2766,Prospect ,5,3683463.05077075,13.5230672952024
2767,Prospect ,5,4534413.31098255,44.8549178639786
2768,Rouse Hill,5,3209469.85131495,35.5830410752506
2769,Rouse Hill,5,4653125.39393704,100
2770,St Marys,5,3402005.18932577,13.757538430833
2774,Penrith,5,1738.24321929738,0.0081606501625819
2777,Penrith,5,542557.676781728,0.9912928530727
2787,Oakdale,5,5175784.45046641,0.111720831375077
2794,Cowra,5,78217228.6524584,5.55415362402018
2795,Bathurst,5,78217228.6521555,1.47370460614291
2800,Orange,5,78217228.6520604,3.92272599875129
2830,Dubbo,5,78217228.6511604,2.59545216215087
2870,Parkes,5,78217228.6518316,3.40002368431479
2000,Randwick,10,4287406.93789913,100
2000,Earlwood,10,4238992.80108019,98.8707827943512
2000,Alexandria,10,4287406.93789913,100
2000,Cook and Phillip,10,4287406.93789913,100
2000,Rozelle,10,4287406.93789913,100
2000,Bradfield Highway,10,4287406.93789913,100
2000,Cammeray,10,4287406.93789913,100
2006,Randwick,10,677968.564915197,100
2006,Earlwood,10,677968.564915197,100
2006,Alexandria,10,677968.564915197,100
2006,Cook and Phillip,10,677968.564915197,100
2006,Rozelle,10,677968.564915197,100
2006,Bradfield Highway,10,677968.564915197,100
2006,Cammeray,10,677968.564915197,100
2007,Randwick,10,558413.380096496,100
2007,Earlwood,10,558413.380096496,100
2007,Alexandria,10,558413.380096496,100
2007,Cook and Phillip,10,558413.380096496,100
2007,Rozelle,10,558413.380096496,100
2007,Bradfield Highway,10,558413.380096496,100
2007,Cammeray,10,558413.380096496,100
2008,Randwick,10,844643.893602164,100
2008,Earlwood,10,844643.893602164,100
2008,Alexandria,10,844643.893602164,100
2008,Cook and Phillip,10,844643.893602164,100
2008,Rozelle,10,844643.893602164,100
2008,Bradfield Highway,10,844643.893602164,100
2008,Cammeray,10,844643.893602164,100
2009,Randwick,10,932614.059854661,100
2009,Earlwood,10,932614.059854661,100
2009,Alexandria,10,932614.059854661,100
2009,Cook and Phillip,10,932614.059854661,100
2009,Rozelle,10,932614.059854661,100
2009,Bradfield Highway,10,932614.059854661,100
2009,Cammeray,10,932614.059854661,100
2010,Randwick,10,2173296.2055983,100
2010,Earlwood,10,2173296.2055983,100
2010,Alexandria,10,2173296.2055983,100
2010,Cook and Phillip,10,2173296.2055983,100
2010,Rozelle,10,2173296.2055983,100
2010,Bradfield Highway,10,2173296.2055983,100
2010,Cammeray,10,2173296.2055983,100
2011,Randwick,10,1401350.60320673,100
2011,Earlwood,10,1055668.51240566,75.3322195023827
2011,Alexandria,10,1401350.60320673,100
2011,Cook and Phillip,10,1401350.60320673,100
2011,Rozelle,10,1401350.60320673,100
2011,Bradfield Highway,10,1401350.60320673,100
2011,Cammeray,10,1401350.60320673,100
2015,Randwick,10,4215361.13444338,100
2015,Earlwood,10,4215361.13444338,100
2015,Alexandria,10,4215361.13444338,100
2015,Cook and Phillip,10,4215361.13444338,100
2015,Rozelle,10,4215361.13444338,100
2015,Bradfield Highway,10,4215361.13444338,100
2015,Cammeray,10,3261828.33706169,77.3795704099833
2016,Randwick,10,1171717.59823091,100
2016,Earlwood,10,1171717.59823091,100
2016,Alexandria,10,1171717.59823091,100
2016,Cook and Phillip,10,1171717.59823091,100
2016,Rozelle,10,1171717.59823091,100
2016,Bradfield Highway,10,1171717.59823091,100
2016,Cammeray,10,1171717.59823091,100
2017,Randwick,10,1938656.50204415,100
2017,Earlwood,10,1938656.50204415,100
2017,Alexandria,10,1938656.50204415,100
2017,Cook and Phillip,10,1938656.50204415,100
2017,Rozelle,10,1938656.50204415,100
2017,Bradfield Highway,10,1938656.50204415,100
2017,Cammeray,10,1938656.50204415,100
2018,Randwick,10,3930975.3020395,100
2018,Earlwood,10,3930975.3020395,100
2018,Alexandria,10,3930975.3020395,100
2018,Cook and Phillip,10,3930975.3020395,100
2018,Rozelle,10,3930975.3020395,100
2018,Bradfield Highway,10,3285512.67861349,83.5800895749428
2018,Cammeray,10,660241.90152063,16.7958801770664
2019,Randwick,10,6798888.61535881,100
2019,Earlwood,10,6798888.61535881,100
2019,Alexandria,10,6798888.61535881,100
2019,Cook and Phillip,10,6038597.74860776,88.8174242914712
2019,Rozelle,10,1856311.41479986,27.303159675339
2020,Randwick,10,11961113.9486108,100
2020,Earlwood,10,11961113.9486108,100
2020,Alexandria,10,11961113.9486108,100
2020,Cook and Phillip,10,10813582.146195,90.4061460550747
2020,Rozelle,10,10098453.8231307,84.4273691105798
2020,Bradfield Highway,10,2799274.98086886,23.4031294484405
2021,Randwick,10,5718075.99207845,100
2021,Earlwood,10,5555206.19977207,97.1516679293524
2021,Alexandria,10,5718075.99207845,100
2021,Cook and Phillip,10,5718075.99207845,100
2021,Rozelle,10,5718075.99207845,100
2021,Bradfield Highway,10,5718075.99207845,100
2021,Cammeray,10,5718075.99207845,100
2022,Randwick,10,1922630.38546905,100
2022,Earlwood,10,14354.6527265396,0.746615305522578
2022,Alexandria,10,1922630.38546905,100
2022,Cook and Phillip,10,1922630.38546905,100
2022,Rozelle,10,1922630.38546905,100
2022,Bradfield Highway,10,1922630.38546905,100
2022,Cammeray,10,1922630.38546905,100
2023,Randwick,10,2372986.43886173,100
2023,Alexandria,10,2372986.43886173,100
2023,Cook and Phillip,10,2372986.43886173,100
2023,Rozelle,10,2372986.43886173,100
2023,Bradfield Highway,10,2372986.43886173,100
2023,Cammeray,10,2372986.43886173,100
2024,Randwick,10,1924193.36219335,100
2024,Alexandria,10,1924193.36219335,100
2024,Cook and Phillip,10,1924193.36219335,100
2024,Rozelle,10,924844.710654996,48.0640214661579
2024,Bradfield Highway,10,1924193.36219335,100
2024,Cammeray,10,1667530.91362156,86.6612964364858
2025,Randwick,10,1230582.65543981,100
2025,Earlwood,10,177336.028747972,14.4107368947592
2025,Alexandria,10,1230582.65543981,100
2025,Cook and Phillip,10,1230582.65543981,100
2025,Rozelle,10,1230582.65543981,100
2025,Bradfield Highway,10,1230582.65543981,100
2025,Cammeray,10,1230582.65543981,100
2026,Randwick,10,3656104.69870984,100
2026,Alexandria,10,3656104.69870984,100
2026,Cook and Phillip,10,3656104.69870984,100
2026,Rozelle,10,760526.577181456,20.8015535619051
2026,Bradfield Highway,10,3656104.69870984,100
2026,Cammeray,10,3656104.69870984,100
2027,Randwick,10,1375813.45909905,100
2027,Earlwood,10,100439.164292194,7.30034756005125
2027,Alexandria,10,1375813.45909905,100
2027,Cook and Phillip,10,1375813.45909905,100
2027,Rozelle,10,1375813.45909905,100
2027,Bradfield Highway,10,1375813.45909905,100
2027,Cammeray,10,1375813.45909905,100
2028,Randwick,10,791897.525899212,100
2028,Alexandria,10,791897.525899212,100
2028,Cook and Phillip,10,791897.525899212,100
2028,Rozelle,10,791897.525899212,100
2028,Bradfield Highway,10,791897.525899212,100
2028,Cammeray,10,791897.525899212,100
2029,Randwick,10,2528098.26369024,100
2029,Alexandria,10,2528098.26369024,100
2029,Cook and Phillip,10,2528098.26369024,100
2029,Rozelle,10,1565161.58972097,61.9106310937581
2029,Bradfield Highway,10,2528098.26369024,100
2029,Cammeray,10,2528098.26369024,100
2030,Randwick,10,3920265.26119478,84.0798341962067
2030,Alexandria,10,3731466.85014384,80.0305829236454
2030,Cook and Phillip,10,4662551.13211397,100
2030,Rozelle,10,643953.331618311,13.8111800465413
2030,Bradfield Highway,10,4662551.13211397,100
2030,Cammeray,10,4662551.13211397,100
2031,Randwick,10,6095168.72238557,100
2031,Earlwood,10,3097433.3601636,50.8178444476482
2031,Alexandria,10,6095168.72238557,100
2031,Cook and Phillip,10,6095168.72238557,100
2031,Rozelle,10,4537802.54091202,74.4491702788497
2031,Bradfield Highway,10,5547667.1813639,91.0174506078745
2031,Cammeray,10,3177351.49930856,52.1290163410767
2032,Randwick,10,2475054.01943617,100
2032,Earlwood,10,2475054.01943617,100
2032,Alexandria,10,2475054.01943617,100
2032,Cook and Phillip,10,2475054.01943617,100
2032,Rozelle,10,2321764.43633932,93.8066166680365
2032,Bradfield Highway,10,2215045.11014635,89.4948188100938
2033,Randwick,10,2234904.8189945,100
2033,Earlwood,10,2234904.8189945,100
2033,Alexandria,10,2234904.8189945,100
2033,Cook and Phillip,10,2234904.8189945,100
2033,Rozelle,10,2234904.8189945,100
2033,Bradfield Highway,10,2234904.8189945,100
2033,Cammeray,10,1725867.23300763,77.2232991015747
2034,Randwick,10,3050499.51762911,100
2034,Alexandria,10,3050499.51762911,100
2034,Cook and Phillip,10,3050499.51762911,100
2034,Rozelle,10,281337.484988993,9.22266938129702
2034,Bradfield Highway,10,1704960.73270775,55.8911982399811
2034,Cammeray,10,41091.6212859165,1.3470456575536
2035,Randwick,10,8121622.64712474,100
2035,Earlwood,10,4003809.08434073,49.2981422346454
2035,Alexandria,10,8121622.64712474,100
2035,Cook and Phillip,10,8121622.64712474,100
2035,Rozelle,10,1895707.62476992,23.3414886056181
2035,Bradfield Highway,10,160967.038912426,1.98195663485317
2036,Randwick,10,15713568.9789657,100
2036,Earlwood,10,2644448.46608547,16.8290760019277
2036,Alexandria,10,13738153.4591155,87.4286005776631
2036,Cook and Phillip,10,3001878.72200501,19.1037359241771
2037,Randwick,10,2137169.84622012,100
2037,Earlwood,10,2137169.84622012,100
2037,Alexandria,10,2137169.84622012,100
2037,Cook and Phillip,10,2137169.84622012,100
2037,Rozelle,10,2137169.84622012,100
2037,Bradfield Highway,10,2137169.84622012,100
2037,Cammeray,10,2137169.84622012,100
2038,Randwick,10,1493213.97798,100
2038,Earlwood,10,1493213.97798,100
2038,Alexandria,10,1493213.97798,100
2038,Cook and Phillip,10,1493213.97798,100
2038,Rozelle,10,1493213.97798,100
2038,Bradfield Highway,10,1493213.97798,100
2038,Cammeray,10,1493213.97798,100
2039,Randwick,10,1145646.73311134,62.4701526901684
2039,Earlwood,10,1833910.5697298,100
2039,Alexandria,10,1833910.5697298,100
2039,Cook and Phillip,10,1833910.5697298,100
2039,Rozelle,10,1833910.5697298,100
2039,Bradfield Highway,10,1833910.5697298,100
2039,Cammeray,10,1833910.5697298,100
2040,Lidcombe,10,1528566.79244253,32.1539384964402
2040,Randwick,10,2331770.0918597,49.0496015562987
2040,Earlwood,10,4753902.20893704,100
2040,Alexandria,10,4753902.20893704,100
2040,Cook and Phillip,10,4753902.20893704,100
2040,Rozelle,10,4753902.20893704,100
2040,Bradfield Highway,10,4753902.20893704,100
2040,Cammeray,10,4753902.20893704,100
2041,Randwick,10,1094780.10352875,44.392604802625
2041,Earlwood,10,2466131.70909045,100
2041,Alexandria,10,2466131.70909045,100
2041,Cook and Phillip,10,2466131.70909045,100
2041,Rozelle,10,2466131.70909045,100
2041,Bradfield Highway,10,2466131.70909045,100
2041,Cammeray,10,2466131.70909045,100
2042,Randwick,10,2044564.45960159,100
2042,Earlwood,10,2044564.45960159,100
2042,Alexandria,10,2044564.45960159,100
2042,Cook and Phillip,10,2044564.45960159,100
2042,Rozelle,10,2044564.45960159,100
2042,Bradfield Highway,10,2044564.45960159,100
2042,Cammeray,10,2044564.45960159,100
2043,Randwick,10,807866.682408038,100
2043,Earlwood,10,807866.682408038,100
2043,Alexandria,10,807866.682408038,100
2043,Cook and Phillip,10,807866.682408038,100
2043,Rozelle,10,807866.682408038,100
2043,Bradfield Highway,10,807866.682408038,100
2043,Cammeray,10,807866.682408038,100
2044,Randwick,10,3853940.17399095,100
2044,Earlwood,10,3853940.17399095,100
2044,Alexandria,10,3853940.17399095,100
2044,Cook and Phillip,10,3853940.17399095,100
2044,Rozelle,10,3853940.17399095,100
2044,Bradfield Highway,10,2834029.51808185,73.5358980714811
2044,Cammeray,10,215309.060318403,5.58672554834809
2045,Lidcombe,10,2382447.55144189,100
2045,Earlwood,10,2382447.55144189,100
2045,Alexandria,10,2382447.55144189,100
2045,Cook and Phillip,10,2382447.55144189,100
2045,Rozelle,10,2382447.55144189,100
2045,Bradfield Highway,10,2382447.55144189,100
2045,Cammeray,10,2382447.55144189,100
2046,Lidcombe,10,6013573.95869445,100
2046,Earlwood,10,6013573.95869445,100
2046,Alexandria,10,6013573.95869445,100
2046,Cook and Phillip,10,6013573.95869445,100
2046,Rozelle,10,6013573.95869445,100
2046,Bradfield Highway,10,6013573.95869445,100
2046,Cammeray,10,5396570.14670907,89.7398150214264
2046,Macquarie Park,10,1377715.15882681,22.9100892130029
2047,Lidcombe,10,528063.545415752,22.8567932370585
2047,Earlwood,10,2310313.34946665,100
2047,Alexandria,10,2310313.34946665,100
2047,Cook and Phillip,10,2310313.34946665,100
2047,Rozelle,10,2310313.34946665,100
2047,Bradfield Highway,10,2310313.34946665,100
2047,Cammeray,10,2310313.34946665,100
2047,Macquarie Park,10,680510.552219053,29.4553356745375
2048,Randwick,10,1217472.16650911,100
2048,Earlwood,10,1217472.16650911,100
2048,Alexandria,10,1217472.16650911,100
2048,Cook and Phillip,10,1217472.16650911,100
2048,Rozelle,10,1217472.16650911,100
2048,Bradfield Highway,10,1217472.16650911,100
2048,Cammeray,10,1217472.16650911,100
2049,Lidcombe,10,1081356.54389475,56.0597778454646
2049,Randwick,10,1809161.27324608,93.7906924754916
2049,Earlwood,10,1928934.76473567,100
2049,Alexandria,10,1928934.76473567,100
2049,Cook and Phillip,10,1928934.76473567,100
2049,Rozelle,10,1928934.76473567,100
2049,Bradfield Highway,10,1928934.76473567,100
2049,Cammeray,10,1525467.26158096,79.0834034135934
2050,Randwick,10,825001.915936079,100
2050,Earlwood,10,825001.915936079,100
2050,Alexandria,10,825001.915936079,100
2050,Cook and Phillip,10,825001.915936079,100
2050,Rozelle,10,825001.915936079,100
2050,Bradfield Highway,10,825001.915936079,100
2050,Cammeray,10,825001.915936079,100
2052,Randwick,10,434160.671464853,100
2052,Earlwood,10,434160.671464853,100
2052,Alexandria,10,434160.671464853,100
2052,Cook and Phillip,10,434160.671464853,100
2052,Rozelle,10,434160.671464853,100
2052,Bradfield Highway,10,434160.671464853,100
2052,Cammeray,10,115594.958608441,26.6249262556244
2060,Randwick,10,77520.0892900767,2.88468327093388
2060,Earlwood,10,317258.746232635,11.805855826483
2060,Alexandria,10,2687299.85267952,100
2060,Cook and Phillip,10,2687299.85267952,100
2060,Rozelle,10,2687299.85267952,100
2060,Bradfield Highway,10,2687299.85267952,100
2060,Cammeray,10,2687299.85267952,100
2061,Randwick,10,505117.74632339,79.9695639970733
2061,Alexandria,10,631637.48941019,100
2061,Cook and Phillip,10,631637.48941019,100
2061,Rozelle,10,631637.48941019,100
2061,Bradfield Highway,10,631637.48941019,100
2061,Cammeray,10,631637.48941019,100
2062,Alexandria,10,1536067.46128218,98.9295749223758
2062,Cook and Phillip,10,1552687.82109641,100
2062,Rozelle,10,1552687.82109641,100
2062,Bradfield Highway,10,1552687.82109641,100
2062,Cammeray,10,1552687.82109641,100
2063,Alexandria,10,36905.6112163059,1.35278539262896
2063,Cook and Phillip,10,2728120.17467048,100
2063,Rozelle,10,2728120.17467048,100
2063,Bradfield Highway,10,2728120.17467048,100
2063,Cammeray,10,2728120.17467048,100
2063,Macquarie Park,10,560588.493274873,20.5485263618412
2064,Alexandria,10,434463.208492616,17.1351426446614
2064,Cook and Phillip,10,2535509.7270111,100
2064,Rozelle,10,2535509.7270111,100
2064,Bradfield Highway,10,2535509.7270111,100
2064,Cammeray,10,2535509.7270111,100
2064,Macquarie Park,10,2535509.7270111,100
2065,Earlwood,10,353416.244756768,6.2261771898303
2065,Alexandria,10,5287689.87924887,93.1538790349996
2065,Cook and Phillip,10,5676295.96751648,100
2065,Rozelle,10,5676295.96751648,100
2065,Bradfield Highway,10,5676295.96751648,100
2065,Cammeray,10,5676295.96751648,100
2065,Macquarie Park,10,3265290.47480871,57.5250214839899
2066,Earlwood,10,701013.31832865,7.31789247636949
2066,Alexandria,10,3520631.08620355,36.7519404613123
2066,Cook and Phillip,10,9419837.95182528,98.3338825011661
2066,Rozelle,10,9579442.72332945,100
2066,Bradfield Highway,10,9579442.72332945,100
2066,Cammeray,10,9579442.72332945,100
2066,Macquarie Park,10,9579442.72332945,100
2067,Cook and Phillip,10,5517883.10000709,94.8082614916327
2067,Rozelle,10,5820044.59652924,100
2067,Bradfield Highway,10,5820044.59652924,100
2067,Cammeray,10,5820044.59652924,100
2067,Macquarie Park,10,5820044.59652924,100
2068,Cook and Phillip,10,5665232.34679589,100
2068,Rozelle,10,5665232.34679589,100
2068,Bradfield Highway,10,5665232.34679589,100
2068,Cammeray,10,5665232.34679589,100
2068,Macquarie Park,10,4555139.40670948,80.4051648346913
2069,Cook and Phillip,10,2540248.75334777,33.7337667160329
2069,Rozelle,10,5158738.10724382,68.5065459158392
2069,Bradfield Highway,10,7530284.93595542,100
2069,Cammeray,10,7530284.93595542,100
2069,Macquarie Park,10,6866282.80409938,91.1822442642831
2070,Cook and Phillip,10,267.220923412591,0.00358114519145052
2070,Rozelle,10,4015865.87939045,53.8183859251333
2070,Bradfield Highway,10,7461884.652165,100
2070,Cammeray,10,7461884.652165,100
2070,Macquarie Park,10,7461884.652165,100
2071,Rozelle,10,591813.692230679,7.56608394477677
2071,Bradfield Highway,10,4201350.18584374,53.7124581685193
2071,Cammeray,10,7821928.70909443,100
2071,Macquarie Park,10,7821928.70909443,100
2072,Cammeray,10,2198810.88357968,57.7218091603627
2072,Macquarie Park,10,3809324.26679653,100
2073,Cammeray,10,697581.667663189,6.81865394414522
2073,Macquarie Park,10,10230489.3807107,100
2074,Macquarie Park,10,18150628.9298319,82.4442394074538
2075,Cammeray,10,1050482.5677462,5.92097183587211
2075,Macquarie Park,10,17741725.4610445,100
2076,Macquarie Park,10,15848271.2451731,100
2077,Macquarie Park,10,13676145.9403836,59.8093434365642
2079,Macquarie Park,10,1977672.30676774,17.8771182300259
2084,Macquarie Park,10,1748111.23697197,1.62807305538648
2085,Cammeray,10,1801843.41411917,11.1208787401318
2085,Macquarie Park,10,9488893.29225719,58.5649290356498
2086,Bradfield Highway,10,770835.83400918,9.60425560374201
2086,Cammeray,10,7922769.44947348,98.7140186341617
2086,Macquarie Park,10,3552789.57636714,44.2661040033252
2087,Cook and Phillip,10,3855.18891704967,0.0431678818119038
2087,Bradfield Highway,10,8637931.16059903,96.7218985796061
2087,Cammeray,10,8930688.17656599,100
2087,Macquarie Park,10,6997116.69322016,78.3491322827786
2088,Randwick,10,774647.205124287,8.95444657060037
2088,Alexandria,10,5567813.98705624,64.3605147379798
2088,Cook and Phillip,10,8650978.02546103,100
2088,Rozelle,10,8341412.47334211,96.4216120858494
2088,Bradfield Highway,10,8650978.02546103,100
2088,Cammeray,10,8650978.02546103,100
2089,Randwick,10,71201.8264357193,4.71474933719247
2089,Alexandria,10,1510193.25405152,100
2089,Cook and Phillip,10,1510193.25405152,100
2089,Rozelle,10,1510193.25405152,100
2089,Bradfield Highway,10,1510193.25405152,100
2089,Cammeray,10,1510193.25405152,100
2090,Randwick,10,150104.23750973,7.29261695416413
2090,Alexandria,10,1960348.0501472,95.2409316601695
2090,Cook and Phillip,10,2058304.15135159,100
2090,Rozelle,10,2058304.15135159,100
2090,Bradfield Highway,10,2058304.15135159,100
2090,Cammeray,10,2058304.15135159,100
2092,Cook and Phillip,10,2422908.19110241,77.9642065691945
2092,Rozelle,10,273050.19540202,8.78619417617967
2092,Bradfield Highway,10,3107718.65413911,100
2092,Cammeray,10,3107718.65413911,100
2093,Cook and Phillip,10,4106795.63626899,54.546618350851
2093,Bradfield Highway,10,7528964.69191462,100
2093,Cammeray,10,7528964.69191462,100
2094,Cook and Phillip,10,179373.630276549,15.3549529500617
2094,Bradfield Highway,10,1168180.91764865,100
2094,Cammeray,10,1168180.91764865,100
2095,Cook and Phillip,10,1302059.97836123,23.3877979877024
2095,Bradfield Highway,10,5567261.95020953,100
2095,Cammeray,10,5567261.95020953,100
2096,Bradfield Highway,10,1126193.35396425,32.3571603351786
2096,Cammeray,10,3380054.7049215,97.1138496278958
2099,Cammeray,10,1587331.93449983,12.9358518149285
2100,Bradfield Highway,10,7635045.77144295,38.5451239325744
2100,Cammeray,10,13268962.6017979,66.9876544625264
2109,Macquarie Park,10,1754907.59377115,100
2110,Lidcombe,10,319650.780721422,7.38127522701465
2110,Earlwood,10,3283686.89967708,75.8258644360465
2110,Alexandria,10,2823190.72525301,65.1922317049139
2110,Cook and Phillip,10,4330563.09228974,100
2110,Rozelle,10,4330563.09228974,100
2110,Bradfield Highway,10,4330563.09228974,100
2110,Cammeray,10,4330563.09228974,100
2110,Macquarie Park,10,4133747.76050571,95.4552023007253
2111,Lidcombe,10,3689181.24672038,78.4301103402958
2111,Earlwood,10,3086346.97208805,65.6141613493491
2111,Alexandria,10,1317660.82739771,28.0127966539349
2111,Cook and Phillip,10,3938825.5970676,83.7374218097365
2111,Rozelle,10,4703781.78828718,100
2111,Bradfield Highway,10,4703781.78828718,100
2111,Cammeray,10,4703781.78828718,100
2111,Macquarie Park,10,4703781.78828718,100
2112,Lidcombe,10,4902665.50573238,52.6408665231811
2112,Parramatta North ,10,2489134.15078392,26.7263141726685
2112,Earlwood,10,276982.585978643,2.97401552700242
2112,Cook and Phillip,10,95653.4039452104,1.02704907436175
2112,Rozelle,10,9087634.87738194,97.5756910261014
2112,Bradfield Highway,10,4449117.02898985,47.7710289219661
2112,Cammeray,10,4046256.95823711,43.4454425267249
2112,Macquarie Park,10,9313420.97792677,100
2113,Cook and Phillip,10,566012.161848214,4.93868675188583
2113,Rozelle,10,9800543.47602489,85.5137353732427
2113,Bradfield Highway,10,7564755.45018149,66.0055738044127
2113,Cammeray,10,9325383.06466661,81.3677671648334
2113,Macquarie Park,10,11460782.8008546,100
2114,Lidcombe,10,6709953.75746871,91.1236130674715
2114,Parramatta North ,10,7363572.98793716,100
2114,Rozelle,10,4148391.51605822,56.3366659480937
2114,Macquarie Park,10,7363572.98793716,100
2115,Lidcombe,10,3934957.89846357,100
2115,Parramatta North ,10,3934957.89846357,100
2115,Macquarie Park,10,3934957.89846357,100
2116,Lidcombe,10,3799832.96921608,100
2116,Parramatta North ,10,3799832.96921608,100
2116,Macquarie Park,10,3571792.23950714,93.9986643740294
2117,Lidcombe,10,5264346.00054297,73.8879758140605
2117,Parramatta North ,10,7124766.84134741,100
2117,Prospect ,10,442359.707196058,6.20876046959033
2117,Macquarie Park,10,7034513.65296996,98.7332471309281
2118,Parramatta North ,10,8506884.0224231,100
2118,Macquarie Park,10,8506884.0224231,100
2119,Parramatta North ,10,6740352.41198377,100
2119,Macquarie Park,10,6740352.41198377,100
2120,Parramatta North ,10,3255887.86663172,23.5696560948884
2120,Macquarie Park,10,13813896.3654112,100
2121,Parramatta North ,10,7984829.67918569,86.7846455667264
2121,Macquarie Park,10,9200740.09295385,100
2122,Lidcombe,10,573952.257387939,6.3368853829713
2122,Parramatta North ,10,6232333.21542047,68.8098718077006
2122,Rozelle,10,597667.590338039,6.59872135415071
2122,Macquarie Park,10,9057324.26422424,100
2123,Lidcombe,10,21798.065272009,100
2123,Parramatta North ,10,21798.065272009,100
2123,Prospect ,10,21798.065272009,100
2125,Parramatta North ,10,9291567.6426724,100
2125,Prospect ,10,143940.490237575,1.54915183070416
2125,Macquarie Park,10,9196112.32628195,98.9726672606669
2126,Parramatta North ,10,4996748.72515088,60.4949689644951
2126,Macquarie Park,10,8259775.66511937,100
2127,Lidcombe,10,8128923.84932271,100
2127,Parramatta North ,10,8128923.84932271,100
2127,Earlwood,10,2330871.20866278,28.6737980557782
2127,Rozelle,10,6191320.91076933,76.1640904199783
2127,Macquarie Park,10,5573388.74560164,68.5624425681636
2128,Lidcombe,10,2700096.98842659,100
2128,Parramatta North ,10,2700096.98842659,100
2128,Macquarie Park,10,1018914.73564662,37.736227254576
2129,Lidcombe,10,466283.926462591,100
2129,Parramatta North ,10,363680.67853688,77.9955426076771
2129,Earlwood,10,466283.926462591,100
2129,Rozelle,10,466283.926462591,100
2130,Lidcombe,10,1203215.71367204,100
2130,Earlwood,10,1203215.71367204,100
2130,Alexandria,10,1203215.71367204,100
2130,Cook and Phillip,10,1203215.71367204,100
2130,Rozelle,10,1203215.71367204,100
2130,Bradfield Highway,10,1203215.71367204,100
2130,Cammeray,10,290530.149465627,24.146139895312
2131,Lidcombe,10,3413763.76678432,100
2131,Earlwood,10,3413763.76678432,100
2131,Alexandria,10,3413763.76678432,100
2131,Cook and Phillip,10,3413763.76678432,100
2131,Rozelle,10,3413763.76678432,100
2131,Bradfield Highway,10,2882187.92233394,84.4284525595304
2131,Cammeray,10,316925.219797304,9.28374783518894
2132,Lidcombe,10,2435330.76823044,100
2132,Earlwood,10,2435330.76823044,100
2132,Alexandria,10,2435330.76823044,100
2132,Cook and Phillip,10,2420221.92387571,99.3795978537362
2132,Rozelle,10,2435330.76823044,100
2132,Bradfield Highway,10,1529212.17482855,62.7927916313276
2132,Cammeray,10,63335.9422586598,2.60071211208328
2133,Lidcombe,10,2550295.58959115,100
2133,Earlwood,10,2550295.58959115,100
2133,Alexandria,10,2539275.91882158,99.5679061354873
2133,Cook and Phillip,10,599058.240051456,23.4897571284078
2133,Rozelle,10,2550295.58959115,100
2134,Lidcombe,10,2445588.17483307,100
2134,Earlwood,10,2445588.17483307,100
2134,Alexandria,10,2445588.17483307,100
2134,Cook and Phillip,10,837588.232740427,34.2489484272061
2134,Rozelle,10,2445588.17483307,100
2134,Bradfield Highway,10,181578.38719551,7.42473279287526
2135,Lidcombe,10,6538132.16029942,100
2135,Parramatta North ,10,77775.3985260949,1.18956602006854
2135,Earlwood,10,6538132.16029942,100
2135,Alexandria,10,466432.119577178,7.13402709124524
2135,Rozelle,10,6538132.16029942,100
2136,Lidcombe,10,3463484.0333267,100
2136,Earlwood,10,3463484.0333267,100
2136,Alexandria,10,974420.482271861,28.1341121511083
2136,Cook and Phillip,10,3977.4709980879,0.114840171336592
2136,Rozelle,10,3463484.0333267,100
2137,Lidcombe,10,7354970.62479988,100
2137,Parramatta North ,10,127489.64091821,1.73338069479616
2137,Earlwood,10,7354970.62479988,100
2137,Alexandria,10,2289982.2767443,31.1351655032151
2137,Cook and Phillip,10,2411382.1969749,32.7857488491398
2137,Rozelle,10,7354970.62479988,100
2137,Bradfield Highway,10,3609346.0299814,49.0735614607517
2137,Cammeray,10,1030078.28985743,14.0051992374267
2137,Macquarie Park,10,3146843.20376645,42.7852586270808
2138,Lidcombe,10,3390055.09157881,100
2138,Parramatta North ,10,2267262.73134582,66.879819651837
2138,Earlwood,10,2352545.83959165,69.3955046758849
2138,Rozelle,10,3390055.09157881,100
2138,Macquarie Park,10,3147479.33293981,92.8444891871646
2139,Lidcombe,10,391021.818017611,100
2139,Parramatta North ,10,294387.839342151,75.2868064586852
2139,Earlwood,10,354986.543196843,90.7843314208251
2139,Rozelle,10,391021.818017611,100
2139,Macquarie Park,10,391021.818017611,100
2140,Lidcombe,10,3282484.25328422,100
2140,Parramatta North ,10,1507056.92578699,45.9120839431031
2140,Earlwood,10,3282484.25328422,100
2140,Rozelle,10,3282484.25328422,100
2141,Lidcombe,10,11947911.1424255,100
2141,Parramatta North ,10,9726603.48291837,81.4084015772467
2141,Earlwood,10,6062232.38215194,50.7388472335196
2141,Rozelle,10,2237745.91885334,18.7291811277989
2142,Lidcombe,10,11002573.3264877,100
2142,Parramatta North ,10,11002573.3264877,100
2142,Prospect ,10,2357972.31109717,21.431098354242
2142,Macquarie Park,10,1242660.41665825,11.2942707108951
2143,Lidcombe,10,4310405.96177125,100
2143,Parramatta North ,10,1558613.70045521,36.1593249981201
2143,Earlwood,10,832887.461048741,19.3227150397334
2144,Lidcombe,10,8563748.913556,100
2144,Parramatta North ,10,8563748.913556,100
2145,Lidcombe,10,3867825.25816012,14.668377803553
2145,Parramatta North ,10,26368459.4844785,100
2145,Prospect ,10,26368459.4844785,100
2146,Parramatta North ,10,6007545.75478888,100
2146,Prospect ,10,6007545.75478888,100
2147,Parramatta North ,10,15997079.5145073,99.9999707957003
2147,Prospect ,10,15997084.1863437,100
2147,Rouse Hill,10,7600821.41502362,47.5137926792449
2148,Parramatta North ,10,22260083.159173,57.2499923153021
2148,St Marys,10,527259.0330116,1.35604055799085
2148,Prospect ,10,38882246.545251,100
2148,Rouse Hill,10,12589661.3969891,32.3789454458021
2150,Lidcombe,10,5847244.2100146,100
2150,Parramatta North ,10,5847244.2100146,100
2150,Prospect ,10,5128845.89880247,87.7138993103499
2150,Macquarie Park,10,304462.825502025,5.2069456066256
2151,Lidcombe,10,2188436.76003,20.3885762904826
2151,Parramatta North ,10,10733641.8632211,100
2151,Prospect ,10,7626571.27961301,71.0529695027887
2151,Macquarie Park,10,5829817.83272691,54.3135117327032
2152,Parramatta North ,10,4285202.53681666,100
2152,Prospect ,10,4285202.53681666,100
2153,Parramatta North ,10,24542670.8397147,100
2153,Prospect ,10,24542670.8397147,100
2153,Macquarie Park,10,0.0859040517825633,3.50019165980722e-07
2153,Rouse Hill,10,9375199.18328666,38.1995881561342
2154,Parramatta North ,10,18160359.3747931,96.5425301923301
2154,Prospect ,10,4756140.08009965,25.2841801093049
2154,Macquarie Park,10,2239113.9150228,11.9033835335441
2154,Rouse Hill,10,7689778.3613175,40.8797339468003
2155,Parramatta North ,10,2824944.53372192,8.02991049972176
2155,Prospect ,10,6526288.22197424,18.5509873529432
2155,Rouse Hill,10,35180274.2237265,100
2156,Parramatta North ,10,1164343.82894301,1.84947704543875
2156,Rouse Hill,10,56731980.1143669,90.1147001045726
2157,Rouse Hill,10,170811.530326255,0.115035464024997
2158,Parramatta North ,10,320178.31914894,0.766074623177013
2158,Macquarie Park,10,6919043.17418862,16.5548479562926
2158,Rouse Hill,10,1369315.83926928,3.27629340539624
2160,Lidcombe,10,8397484.23188805,100
2160,Parramatta North ,10,8397484.23188805,100
2160,Prospect ,10,7994924.07628294,95.2061814647242
2161,Liverpool,10,2646088.14836909,23.5590894010852
2161,Lidcombe,10,11231708.0822623,100
2161,Parramatta North ,10,11231708.0822623,100
2161,Prospect ,10,7621215.87302679,67.8544689481611
2162,Liverpool,10,1137304.26000603,19.6423341678145
2162,Lidcombe,10,5790066.75219687,100
2162,Parramatta North ,10,4592031.38224736,79.3087813798528
2163,Liverpool,10,6244385.98644844,98.290931897334
2163,Lidcombe,10,6352962.4411037,100
2163,Parramatta North ,10,3542426.64215618,55.7602327260219
2164,Liverpool,10,11222160.1646539,54.6997561734831
2164,Lidcombe,10,2634703.86626516,12.8422386563294
2164,Parramatta North ,10,13758173.3394175,67.0609504780549
2164,Prospect ,10,20515923.561089,100
2165,Liverpool,10,11120223.9092362,100
2165,Lidcombe,10,6970821.72816822,62.685983529328
2165,Parramatta North ,10,8372176.57202391,75.287841686984
2165,Prospect ,10,8712923.90755073,78.3520545869041
2166,Liverpool,10,15254780.4133933,100
2166,Lidcombe,10,6572062.77622858,43.0819887152128
2166,Parramatta North ,10,24556.986367739,0.160978956774617
2166,Prospect ,10,1795021.26355402,11.7669426560741
2167,Liverpool,10,6994640.3563655,100
2168,Liverpool,10,12868047.907234,100
2168,Bringelly,10,4434577.05016317,34.4619252440783
2170,Liverpool,10,54319385.5550691,100
2170,Bringelly,10,2714262.74689713,4.99685833917507
2170,Lidcombe,10,7772368.9599348,14.30864668389
2171,Liverpool,10,21533025.5023353,100
2171,Bringelly,10,21439395.2103211,99.5651781863907
2172,Liverpool,10,3678632.23786389,100
2173,Campbelltown West,10,39685011.1410272,20.5762598178743
2173,Liverpool,10,43723698.1331128,22.6702764373206
2174,Liverpool,10,6056299.85313706,100
2174,Bringelly,10,2362791.74832878,39.0137840864152
2175,Liverpool,10,2872856.93944233,13.0773217232514
2175,Bringelly,10,2156909.86156188,9.81831145172645
2175,St Marys,10,14969692.7697203,68.1424423751027
2175,Prospect ,10,20409266.9855414,92.9035298769413
2176,Liverpool,10,19845537.4052699,100
2176,Bringelly,10,1470890.66152583,7.41169478804459
2176,Parramatta North ,10,4714.75101095438,0.0237572352649035
2176,Prospect ,10,14668571.1955359,73.913701080429
2177,Liverpool,10,5195408.43616732,100
2177,Bringelly,10,458056.19917148,8.81655802040061
2178,Liverpool,10,9190634.35407568,16.918219509185
2178,Bringelly,10,50116315.303397,92.2546573641458
2178,St Marys,10,31387641.8195256,57.7787118625737
2178,Prospect ,10,861385.57653771,1.58564792205538
2179,Campbelltown West,10,5796737.79295012,15.8925555996598
2179,Camden,10,188312.503452208,0.516284682544221
2179,Liverpool,10,16835800.1786768,46.1576665982356
2179,Bringelly,10,36463147.7408219,99.9687450956277
2190,Lidcombe,10,9739343.39398998,100
2190,Earlwood,10,9739343.39398998,100
2190,Rozelle,10,1892454.96823305,19.4310323774071
2191,Lidcombe,10,1782727.77429797,100
2191,Earlwood,10,1782727.77429797,100
2191,Alexandria,10,461768.485240544,25.9023554744575
2191,Rozelle,10,1782727.77429797,100
2192,Lidcombe,10,2730716.43568174,100
2192,Earlwood,10,2730716.43568174,100
2192,Alexandria,10,1067153.22719664,39.0796061155364
2192,Rozelle,10,2714914.4885136,99.4213259582117
2193,Lidcombe,10,4195623.40515442,100
2193,Earlwood,10,4195623.40515442,100
2193,Alexandria,10,4195623.40515442,100
2193,Cook and Phillip,10,3194471.64919849,76.1381883148522
2193,Rozelle,10,4195623.40515442,100
2193,Bradfield Highway,10,30478.8588616317,0.726444104210777
2194,Lidcombe,10,3373766.09122029,100
2194,Earlwood,10,3373766.09122029,100
2194,Alexandria,10,3373766.09122029,100
2194,Cook and Phillip,10,14455.0925234396,0.428455682243553
2194,Rozelle,10,3373766.09122029,100
2195,Lidcombe,10,3548946.68797576,100
2195,Earlwood,10,3548946.68797576,100
2195,Rozelle,10,782158.979465666,22.0391865033
2196,Lidcombe,10,7066199.49134164,100
2196,Earlwood,10,7066199.49134164,100
2196,Rozelle,10,44600.685970027,0.631183509957186
2197,Liverpool,10,2899868.87858344,99.0352424079983
2197,Lidcombe,10,2928118.12045329,100
2197,Parramatta North ,10,5212.22604804765,0.178006003638978
2198,Liverpool,10,3322996.70054407,100
2198,Lidcombe,10,3322996.70054407,100
2199,Liverpool,10,949765.918324092,20.5695723178165
2199,Lidcombe,10,4617334.3016055,100
2199,Earlwood,10,998775.608843894,21.6310005644731
2200,Liverpool,10,6509708.94047933,46.1426525937527
2200,Lidcombe,10,14107790.8931501,100
2200,Earlwood,10,4202632.94012858,29.7894473483381
2203,Lidcombe,10,2092829.46929515,100
2203,Randwick,10,929188.945352774,44.3986936817034
2203,Earlwood,10,2092829.46929515,100
2203,Alexandria,10,2092829.46929515,100
2203,Cook and Phillip,10,2092829.46929515,100
2203,Rozelle,10,2092829.46929515,100
2203,Bradfield Highway,10,1812216.47920155,86.5916934843184
2204,Lidcombe,10,1240977.3457353,21.4325592567395
2204,Randwick,10,5788974.71597584,99.9797007272553
2204,Earlwood,10,5790150.07433175,100
2204,Alexandria,10,5790150.07433175,100
2204,Cook and Phillip,10,5790150.07433175,100
2204,Rozelle,10,5790150.07433175,100
2204,Bradfield Highway,10,4492818.70198367,77.5941667194558
2204,Cammeray,10,1003958.19490474,17.3390703525178
2205,Lidcombe,10,41506.8014521787,0.982781241769956
2205,Randwick,10,3997271.03848735,94.6457654517602
2205,Earlwood,10,4223401.88111714,100
2205,Alexandria,10,4223401.88111714,100
2205,Cook and Phillip,10,3541057.58139687,83.8437279016464
2205,Rozelle,10,4223401.88111714,100
2206,Lidcombe,10,5272135.11110057,88.1756345445486
2206,Randwick,10,1296582.30589823,21.6851361265558
2206,Earlwood,10,5979129.19859619,100
2206,Alexandria,10,5979129.19859619,100
2206,Cook and Phillip,10,3216431.62266292,53.7943154568075
2206,Rozelle,10,5979129.19859619,100
2207,Lidcombe,10,3469188.40696059,48.0206061450222
2207,Randwick,10,184158.489667465,2.54912713383916
2207,Earlwood,10,7224374.46225406,100
2207,Alexandria,10,7101798.46137956,98.3032994549918
2207,Cook and Phillip,10,196395.012221856,2.71850543251851
2207,Rozelle,10,3189861.42666284,44.1541540147073
2208,Lidcombe,10,4458964.27919055,100
2208,Earlwood,10,4458964.27919055,100
2208,Alexandria,10,2530768.42975929,56.7568670951253
2208,Rozelle,10,1489058.6067894,33.3947193463436
2209,Lidcombe,10,4250451.5426891,100
2209,Earlwood,10,4250451.5426891,100
2210,Lidcombe,10,7711873.67482627,69.5036788528908
2210,Earlwood,10,7866927.87704843,70.9011132417889
2211,Lidcombe,10,6560221.9268222,88.5814313681546
2211,Earlwood,10,1533995.6487681,20.7132520509443
2212,Liverpool,10,2339919.18694492,37.463714003313
2212,Lidcombe,10,5788674.14319469,92.6806505835635
2213,Liverpool,10,7346739.4823286,73.1983213070657
2213,Lidcombe,10,4656570.56795965,46.3951593005854
2214,Liverpool,10,5371060.79974613,100
2214,Lidcombe,10,4992997.42940016,92.9611042503217
2216,Randwick,10,4661700.47470854,83.5577422759608
2216,Earlwood,10,5579016.79453311,100
2216,Alexandria,10,5579016.79453311,100
2216,Cook and Phillip,10,653427.384127842,11.7122318894637
2216,Rozelle,10,2953221.15347257,52.9344374149659
2217,Randwick,10,823913.659322097,13.1583462345305
2217,Earlwood,10,6261528.95384345,100
2217,Alexandria,10,4576542.23659893,73.089851861018
2218,Earlwood,10,2648970.93669874,100
2218,Alexandria,10,900140.061610713,33.9807450938857
2219,Earlwood,10,3779726.79094055,99.97568441994
2220,Lidcombe,10,1723920.71295656,33.3132260293682
2220,Earlwood,10,5174883.72767258,100
2221,Earlwood,10,5387804.8044458,100
2222,Lidcombe,10,1427203.29813357,56.7156630969456
2222,Earlwood,10,2516418.25238649,100
2223,Lidcombe,10,1192348.15514402,16.4409272254262
2223,Earlwood,10,6599522.7806591,90.9988188359748
2224,Earlwood,10,71472.7520569289,1.52037343029009
2225,Earlwood,10,1767.90259646624,0.084089235243109
2231,Randwick,10,4207798.87187454,21.9162474129932
2231,Earlwood,10,125223.88701,0.652226442682904
2234,Liverpool,10,172512.559829442,0.434267040061408
2278,Wallsend,10,3751643.38605458,8.51484312933355
2282,Newcastle,10,443635.689557161,4.21611312496813
2282,Wallsend,10,5967406.72323078,56.711536966177
2284,Wallsend,10,17483204.3004645,72.0277087387335
2284,Mayfield,10,80863.4117020926,0.33314295054848
2285,Newcastle,10,7476636.53612148,23.0323347002886
2285,Carrington,10,3598814.56762675,11.0864158295506
2285,Wallsend,10,32461479.1918068,100
2285,Mayfield,10,13954247.293334,42.9870962160469
2286,Wallsend,10,14190710.3003016,56.2341878021497
2287,Newcastle,10,12944336.603973,33.9991827868242
2287,Carrington,10,14390808.0006334,37.7984385475154
2287,Stockton,10,4440054.89185279,11.6621069484011
2287,Wallsend,10,38072493.3453087,100
2287,Mayfield,10,33274202.1533687,87.3969609806728
2287,Beresfield,10,13999821.7745588,36.77148656271
2289,Newcastle,10,11432949.5055621,100
2289,Carrington,10,11432949.5055621,100
2289,Stockton,10,8445515.81826926,73.8699651753077
2289,Wallsend,10,11432949.5055621,100
2289,Mayfield,10,11432949.5055621,100
2290,Newcastle,10,29995205.2732319,82.3991091792912
2290,Carrington,10,15388611.7027545,42.2736862195963
2290,Stockton,10,4524671.59255513,12.4296168390654
2290,Wallsend,10,16632271.733055,45.6901148682813
2290,Mayfield,10,9690195.24516796,26.6197030059268
2291,Newcastle,10,7192605.596545,100
2291,Carrington,10,7192605.596545,100
2291,Stockton,10,7192605.596545,100
2291,Wallsend,10,6738135.60815473,93.6814276510786
2291,Mayfield,10,7192605.596545,100
2292,Newcastle,10,2893786.72166026,100
2292,Carrington,10,2893786.72166026,100
2292,Stockton,10,2893786.72166026,100
2292,Wallsend,10,2893786.72166026,100
2292,Mayfield,10,2893786.72166026,100
2293,Newcastle,10,1322719.13732945,100
2293,Carrington,10,1322719.13732945,100
2293,Stockton,10,1322719.13732945,100
2293,Wallsend,10,1322719.13732945,100
2293,Mayfield,10,1322719.13732945,100
2294,Newcastle,10,2039320.33029541,100
2294,Carrington,10,2039320.33029541,100
2294,Stockton,10,2039320.33029541,100
2294,Wallsend,10,1939836.65176956,95.1217237896393
2294,Mayfield,10,2039320.33029541,100
2295,Newcastle,10,10174409.5944981,85.1578628554008
2295,Carrington,10,11947704.2440279,100
2295,Stockton,10,11947704.2440279,100
2295,Mayfield,10,11218366.4060847,93.8955817532246
2296,Newcastle,10,706259.64231745,100
2296,Carrington,10,706259.64231745,100
2296,Stockton,10,706259.64231745,100
2296,Wallsend,10,706259.64231745,100
2296,Mayfield,10,706259.64231745,100
2297,Newcastle,10,801099.698574844,100
2297,Carrington,10,801099.698574844,100
2297,Stockton,10,801099.698574844,100
2297,Wallsend,10,801099.698574844,100
2297,Mayfield,10,801099.698574844,100
2298,Newcastle,10,4004171.27553763,100
2298,Carrington,10,4004171.27553763,100
2298,Stockton,10,4004171.27553763,100
2298,Wallsend,10,4004171.27553763,100
2298,Mayfield,10,4004171.27553763,100
2299,Newcastle,10,5284943.27727883,100
2299,Carrington,10,5284943.27727883,100
2299,Stockton,10,5284943.27727883,100
2299,Wallsend,10,5284943.27727883,100
2299,Mayfield,10,5284943.27727883,100
2300,Newcastle,10,3440266.47664228,100
2300,Carrington,10,3440266.47664228,100
2300,Stockton,10,3440266.47664228,100
2300,Wallsend,10,378972.090442733,11.0157772084159
2300,Mayfield,10,3440266.47664228,100
2302,Newcastle,10,828202.89706264,100
2302,Carrington,10,828202.89706264,100
2302,Stockton,10,828202.89706264,100
2302,Wallsend,10,828202.89706264,100
2302,Mayfield,10,828202.89706264,100
2303,Newcastle,10,3000463.15674064,100
2303,Carrington,10,3000463.15674064,100
2303,Stockton,10,3000463.15674064,100
2303,Wallsend,10,3000463.15674064,100
2303,Mayfield,10,3000463.15674064,100
2304,Newcastle,10,34940072.8434472,88.4443835676767
2304,Carrington,10,39248552.6978457,99.3505097953871
2304,Stockton,10,38090589.7304827,96.4193390075782
2304,Wallsend,10,36585521.5435623,92.6095350436331
2304,Mayfield,10,39505134.6778978,100
2304,Beresfield,10,12109408.3145539,30.6527453033309
2305,Newcastle,10,8798981.13279812,100
2305,Carrington,10,8798981.13279812,100
2305,Stockton,10,8144234.06581486,92.5588308793765
2305,Wallsend,10,8798981.13279812,100
2305,Mayfield,10,8798981.13279812,100
2306,Newcastle,10,784637.227764284,44.1515396672083
2306,Wallsend,10,30169.7432959341,1.69765156526589
2307,Newcastle,10,6518733.52677406,99.3931165683142
2307,Carrington,10,6558536.19631058,100
2307,Stockton,10,5713614.68149567,87.1172241865462
2307,Wallsend,10,6558536.19631058,100
2307,Mayfield,10,6558536.19631058,100
2307,Beresfield,10,4279422.14829158,65.2496535842696
2308,Newcastle,10,1790665.1890145,100
2308,Carrington,10,1790665.1890145,100
2308,Stockton,10,1790665.1890145,100
2308,Wallsend,10,1790665.1890145,100
2308,Mayfield,10,1790665.1890145,100
2318,Newcastle,10,1111533.08759299,0.442509197868572
2318,Carrington,10,6561901.96676204,2.61233966691176
2318,Stockton,10,18822716.9864225,7.49345699947249
2318,Mayfield,10,5856322.05872547,2.33144330618033
2320,Beresfield,10,1853933.20881691,0.45903821824343
2320,Singleton South,10,19212.4287702441,0.00475704250232923
2321,Beresfield,10,32687848.2299568,9.08015898502515
2322,Newcastle,10,3420817.66436206,2.05205229664825
2322,Carrington,10,18898744.3398634,11.3368251486789
2322,Stockton,10,15698543.3379796,9.41711458238181
2322,Wallsend,10,78888292.120278,47.3228674859126
2322,Mayfield,10,67300127.4618599,40.3714534573372
2322,Beresfield,10,147476406.97423,88.4669483514659
2323,Beresfield,10,34619317.3685983,16.5286138961013
2324,Mayfield,10,1280474.63631602,0.204082532168294
2324,Beresfield,10,60917107.3866437,9.70899163110473
2328,Merriwa,10,36453856.7557518,2.16712978889899
2328,Wybong,10,8069585.30657355,0.479725336583977
2329,Merriwa,10,204436981.463476,6.68924379174782
2330,Bulga,10,312103716.731062,6.36659502803184
2330,Warkworth,10,312868868.182196,6.38220333118024
2330,Singleton South,10,241761907.460076,4.93169441916366
2330,Singleton,10,296398259.133492,6.04621983576902
2330,Singleton NW,10,309655861.887022,6.31666130522122
2331,Bulga,10,765115.722086745,0.557267493695077
2331,Singleton South,10,37848625.3746974,27.5668215846311
2331,Singleton,10,12652134.2548728,9.21510686890213
2331,Singleton NW,10,3212963.01152378,2.34014253410394
2333,Merriwa,10,29134506.6265944,1.77204606569164
2333,Wybong,10,243225123.380122,14.7936647250337
2335,Singleton South,10,33239077.3377817,12.3824404108884
2335,Singleton,10,3818401.8230567,1.42245624204149
2336,Wybong,10,48648228.7471134,5.47241837352883
2337,Merriwa,10,42843511.1474197,1.28592492081211
2337,Wybong,10,12925960.133851,0.387965734282351
2350,Armidale,10,311007201.05827,6.84831802268087
2351,Armidale,10,1861667.09722232,100
2555,Bringelly,10,26980924.5124038,100
2555,St Marys,10,13566059.0938849,50.2801862391641
2556,Camden,10,11964525.1938459,29.7525695175577
2556,Bringelly,10,40213418.1613637,100
2557,Campbelltown West,10,17923068.0586062,48.936910116872
2557,Camden,10,17320008.7075238,47.2903247687296
2557,Bringelly,10,26447157.8476401,72.2109731550803
2558,Campbelltown West,10,7604258.34761518,100
2558,Camden,10,1524750.27745183,20.0512687464126
2559,Campbelltown West,10,4349390.34158469,100
2559,Camden,10,2217213.35648047,50.9775665633322
2560,Campbelltown West,10,91537057.3922123,22.254759900498
2560,Camden,10,4341792.20281495,1.05558935106998
2563,Campbelltown West,10,11560314.264987,100
2563,Camden,10,10595587.4649292,91.654839324051
2564,Liverpool,10,9021842.13078409,99.9877679069931
2565,Campbelltown West,10,15018801.1189489,50.4601025127674
2565,Liverpool,10,24192468.4009588,81.2817498468016
2565,Bringelly,10,8172394.44863954,27.4575752343396
2566,Campbelltown West,10,28294641.6542222,100
2566,Camden,10,312651.896236226,1.1049862375252
2566,Liverpool,10,3047.79757882468,0.0107716422638273
2566,Bringelly,10,1724881.98701614,6.09614360236562
2567,Campbelltown West,10,31365000.6924315,100
2567,Camden,10,31365000.6924315,100
2568,Campbelltown West,10,13345494.8995557,39.1434930696634
2568,Camden,10,9334593.62185926,27.3791720348668
2570,Campbelltown West,10,46389119.4173162,9.88341620847001
2570,Oakdale,10,218764015.475106,46.6086841814367
2570,Camden,10,219302857.013929,46.723486860718
2570,Bringelly,10,24194062.7698652,5.15465684910517
2571,Bargo,10,70981481.3665268,28.3601054060778
2571,Camden,10,4322206.05832907,1.72690421559454
2572,Bargo,10,8497149.15225415,8.00310029450633
2572,Oakdale,10,1529020.09161976,1.44011843575818
2573,Bargo,10,14619958.45491,86.1112454131028
2574,Bargo,10,126248445.125327,36.0474657982766
2575,Bargo,10,91496851.9011209,9.39946042337629
2580,Goulburn,10,312868868.210919,5.96594781396652
2630,Cooma,10,312868868.231277,7.43823759837406
2630,Cooma,10,312868868.231277,7.43823759837406
2640,Albury,10,169905546.830939,16.4921557879019
2641,Albury,10,33538861.5895015,100
2642,Albury,10,34147328.2112762,0.837627136897275
2650,Wagga Wagga North,10,274705866.819156,6.76409070117618
2650,Wagga Wagga North,10,274705866.819156,6.76409070117618
2650,Junee,10,46405132.402671,1.14263495063393
2651,Wagga Wagga North,10,12617017.6389501,36.4443023237167
2651,Wagga Wagga North,10,12617017.6389501,36.4443023237167
2652,Wagga Wagga North,10,12326793.5793032,0.201546199946591
2652,Wagga Wagga North,10,12326793.5793032,0.201546199946591
2652,Junee,10,196669936.795181,3.21560332375141
2661,Wagga Wagga North,10,9709326.24568512,65.7710491454885
2661,Wagga Wagga North,10,9709326.24568512,65.7710491454885
2663,Junee,10,67250530.898878,13.6509642190235
2666,Junee,10,2543289.76444668,0.103277234716719
2666,Temora,10,312868868.20677,12.7048958357188
2671,West Wyalong,10,312868868.200223,9.48738975225748
2678,Wagga Wagga North,10,3509812.32806217,100
2678,Wagga Wagga North,10,3509812.32806217,100
2680,Griffith,10,261122067.871727,13.783518852283
2681,Griffith,10,51746824.8517002,10.9689253380773
2700,Narrandera,10,289572438.611164,8.23193216026763
2703,Narrandera,10,7479995.69487157,13.1486383250434
2705,Narrandera,10,15816501.1259411,1.40073911135856
2745,Camden,10,79346.5946330484,0.0470172581123165
2745,Bringelly,10,62786546.7710454,37.2045112858029
2745,St Marys,10,42950534.7774179,25.450574016831
2745,Penrith,10,21089001.4473753,12.4964030147461
2747,St Marys,10,43061722.7487649,78.1998511367542
2747,Penrith,10,54234575.0365488,98.4896893017335
2747,Rouse Hill,10,2154519.6099524,3.91259573502149
2747,Richmond,10,9004698.47225232,16.3524827877836
2748,Bringelly,10,733169.548036948,1.70213917760692
2748,St Marys,10,43073419.4760577,100
2748,Penrith,10,23294114.0803965,54.0800204946452
2749,St Marys,10,3618496.70843453,7.68355958929878
2749,Penrith,10,47083816.4444161,99.9783441833748
2749,Richmond,10,20571660.4487627,43.6821121159102
2750,St Marys,10,20123408.7758424,56.894121330356
2750,Penrith,10,35369926.2864008,100
2753,Penrith,10,32210396.1973101,19.3586357878859
2753,Richmond,10,123954299.494876,74.4972562139495
2754,Richmond,10,29645888.442859,86.3681297464016
2755,Richmond,10,3054318.43638837,100
2756,Rouse Hill,10,20330661.6252729,1.3673795713902
2756,Richmond,10,80455830.8448103,5.41121885377611
2757,Richmond,10,8323521.71291758,99.9596886376286
2758,Richmond,10,3234853.98356504,0.565390985798752
2759,St Marys,10,15597870.1184762,100
2759,Prospect ,10,1828460.10460879,11.7224985893614
2759,Penrith,10,1137405.55766906,7.29205685795375
2760,St Marys,10,19930831.2426424,100
2760,Prospect ,10,294966.034121688,1.47994848047583
2760,Penrith,10,16900720.7303342,84.796868352258
2761,St Marys,10,8286459.41568871,56.1208180414562
2761,Prospect ,10,13311495.0549532,90.1533398479431
2761,Rouse Hill,10,13487547.9902143,91.3456747463372
2762,Prospect ,10,2827150.86001176,20.3763241278276
2762,Rouse Hill,10,13874685.3567704,100
2763,Prospect ,10,10721665.407059,99.9347317672618
2763,Rouse Hill,10,10728667.8189408,100
2765,St Marys,10,1230568.80496122,0.941188590259833
2765,Prospect ,10,45967.4712132672,0.0351577735877903
2765,Penrith,10,16622956.966819,12.7139070732768
2765,Rouse Hill,10,98848440.9550689,75.6032693310597
2765,Richmond,10,34563125.5493893,26.4352706485424
2766,St Marys,10,26278522.3956281,96.4761209428184
2766,Prospect ,10,27238369.5973882,100
2766,Rouse Hill,10,48839.1174304005,0.179302646055157
2767,St Marys,10,3538102.45261145,34.999300686121
2767,Prospect ,10,10109066.1334685,100
2767,Rouse Hill,10,6261881.67278217,61.9432259133288
2768,Parramatta North ,10,4012849.2912192,44.4900210231733
2768,Prospect ,10,8967143.28826602,99.4177364910589
2768,Rouse Hill,10,9019661.48572743,100
2769,Prospect ,10,2404840.25966812,51.6822577530706
2769,Rouse Hill,10,4653125.39393704,100
2770,St Marys,10,24728298.6446274,100
2770,Prospect ,10,9453400.23916569,38.229076634108
2770,Penrith,10,8025872.41246557,32.4562256700557
2770,Rouse Hill,10,2752987.28796687,11.1329425753478
2773,Penrith,10,8196333.62357112,97.64653001076
2774,Penrith,10,19786044.887698,92.8909076917971
2777,Penrith,10,25894455.1334763,47.3110775250415
2777,Richmond,10,60657.1228320897,0.110825032848247
2787,Bargo,10,1025087.11912299,0.0221268073035736
2787,Oakdale,10,92575806.4488416,1.99827604118073
2787,Penrith,10,3023219.25600834,0.0652570778290346
2794,Cowra,10,312868868.198951,22.2166112004747
2795,Bathurst,10,312868868.193016,5.89481755004701
2800,Orange,10,312868868.191327,15.6909016671186
2830,Dubbo,10,312868868.177526,10.3818071080304
2870,Parkes,10,312868868.1895,13.6000927195233
